KEYWORD_ID,KEYWORD_NAME,WEIGHT
1,vashikaran,50
2,marriage specialist,10
3,molvi,10
4,molvi ji,15
5,black magic,15
6,babaji,10
7,totka,6
8,kala jadu,15
9,tantra,2
10,tantrik,15
11,baba ji,10
12,love marriage,3
13,wazifa,20
14,intercast,2
15,love problem,5
16,astrologer,2
17,totke,4
18,yantra,2
19,husband wife,5
20,sex problem,20
21,direct admission,15
22,management quota,20
23,divorce,3
24,aghori,15
25,voodoo,10
26,jadu,5
27,tona,5
28,yakshini,5
29,movie download,10
30,full download,5
31,torrent download,15
32,inter caste,10
33,intercaste,10
34,inter cast,10
35,maulana,5
36,maulanaji,15
37,love spells,20
38,love spell,20
39,love guru,3
40,prostitute,4
41,callgirl,15
42,call girl,15
43,libido,25
44,male enhancement,50
45,genyumax,25
46,sexual enhancement,50
47,erectile dysfunction,50
48,premature ejaculation,50
49,ejaculation,50
50,sexual drive,50
51,penile chamber,50
52,sexual intercourse,20
53,keto,5
54,sex doll,50
55,keto review,20
56,weight loss thought,10
57,frightful cholesterol level,20
58,overabundance fat,20
59,disfavorable opinion germane,1
60,thermogenesis,10
61,garcinia,20
62,ketogenic,20
63,sexual execution,20
64,tarvos testo uk,20
65,skin,1
66,improving cream,5
67,noticeably skin,10
68,youth cream,20
69,lift skin,10
70,normal penile size,20
71,improve supplement retention,20
72,ketofunctions,20
73,ordinary weight,5
74,keto thirty challenge,20
75,keto pure diet,5
76,force lower strain,20
77,top keto supplement,20
78,achievement keto diet,5
79,keto diet work,5
80,expand penis estimate,20
81,official site,5
82,privilege keto quality,20
83,weight loss bike,20
84,cbd,20
85,improve sexual,20
86,weight putting,10
87,sexual action,20
88,adulthood sexual,20
89,enhancement,0
90,sexual drive,20
91,sexual exercise,20
92,male improve,20
93,hair isnt great,20
94,puri hair,20
95,rlz male enhancement,20
96,aura wave,20
97,organon keto,20
98,enzolast,20
100,fat buster,10
101,dietgreat,5
102,carbs keto pure,20
103,keytone,20
104,weight loss product,20
105,improve metabolism,10
106,body ingredient,5
107,excess fat start,10
108,man fun,20
109,guitar neck,20
110,slimtonediets,20
111,weight reduction,20
112,high quality fat,20
113,lady briskly jumped,20
114,carbohydrate intake,5
115,decrease weight,5
116,viante romania,20
117,based thing,20
118,item will reach,20
119,ketone,20
120,buy level,20
121,body weight,5
122,fat substance,10
123,mild spherical motion,20
125,ketoxoleating regimen,20
126,regimen,1
127,skin cost,10
128,child noticeably cream,20
129,ketoneworld,20
130,blogspot,5
131,infinite keto,20
132,penis,20
133,weight consider,5
134,ground breaking system,5
135,dietary supplement,10
136,enhanced keto,20
137,alphatesto,20
138,bulging body,20
139,unwanted body fat,20
141,fat cell,5
142,zephrofel,20
143,reliable weight lose,1
144,weight lose,1
145,antioch,20
146,weight loss supplement,10
147,keto diet,5
148,tablet supplier,20
149,gentiv ultra,20
150,1080p,10
151,720p,10
152,Full Movie,20
153,filme completo,20
154,xnxx,20
155,bdsm,20
156,popular muscle,10
157,muscle building,10
158,ripped hand,10
159,hdcam,20
160,satta,1
161,tempo traveller,5
162,buzil rossari,20
163,full body massage,10
164,hair loss,20
165,facebook account,5
166,error,1
167,live stream,5
168,free tv,10
169,live,0
170,godrej,1
171,escort,20
172,escorts,20
173,escort service,20
174,residential project,5
175,occult,0
176,tixtm20,20
